{"cameraMode":{"drawMode":0,"name":"Shaded","section":"Shading Mode"},"sceneLighting":true,"audioPlay":false,"sceneViewState":{"showFog":true,"showMaterialUpdate":false,"showSkybox":true,"showFlares":true,"showImageEffects":true,"showParticleSystems":true},"in2DMode":false,"pivot":{"x":511.73455810546877,"y":321.95794677734377,"z":-20.2861328125},"rotation":{"x":0.00299982912838459,"y":-0.010499761439859867,"z":0.00003149944677716121,"w":0.9999403953552246},"size":479.02850341796877,"orthographic":false}